<?xml version="1.0" encoding="utf-8" ?>
<dwsync>
<file name="background.png" server="Z:/" local="130144899048834819" remote="130144899040000000" Dst="2" />
<file name="blankButton.png" server="Z:/" local="130144894957422079" remote="130144894950000000" Dst="2" />
<file name="divider.png" server="Z:/" local="130144894957522079" remote="130144894950000000" Dst="2" />
<file name="fullscreenButton.png" server="Z:/" local="130144894957622079" remote="130144894950000000" Dst="2" />
<file name="fullscreenButtonOver.png" server="Z:/" local="130144894957922080" remote="130144894950000000" Dst="2" />
<file name="muteButton.png" server="Z:/" local="130144894958222080" remote="130144894950000000" Dst="2" />
<file name="muteButtonOver.png" server="Z:/" local="130144894958372080" remote="130144894950000000" Dst="2" />
<file name="normalscreenButton.png" server="Z:/" local="130144894958522080" remote="130144894950000000" Dst="2" />
<file name="normalscreenButtonOver.png" server="Z:/" local="130144894958722081" remote="130144894950000000" Dst="2" />
<file name="pauseButton.png" server="Z:/" local="130144894958872081" remote="130144894950000000" Dst="2" />
<file name="pauseButtonOver.png" server="Z:/" local="130144894959022081" remote="130144894950000000" Dst="2" />
<file name="playButton.png" server="Z:/" local="130144894959272081" remote="130144894950000000" Dst="2" />
<file name="playButtonOver.png" server="Z:/" local="130144894959422082" remote="130144894950000000" Dst="2" />
<file name="timeSliderBuffer.png" server="Z:/" local="130144894959572082" remote="130144894950000000" Dst="2" />
<file name="timeSliderCapLeft.png" server="Z:/" local="130144894959872082" remote="130144894950000000" Dst="2" />
<file name="timeSliderCapRight.png" server="Z:/" local="130144894960122083" remote="130144894960000000" Dst="2" />
<file name="timeSliderProgress.png" server="Z:/" local="130144899317902540" remote="130144899310000000" Dst="2" />
<file name="timeSliderRail.png" server="Z:/" local="130144894960712094" remote="130144894960000000" Dst="2" />
<file name="unmuteButton.png" server="Z:/" local="130144894961032112" remote="130144894960000000" Dst="2" />
<file name="unmuteButtonOver.png" server="Z:/" local="130144894961152119" remote="130144894960000000" Dst="2" />
<file name="volumeSliderBuffer.png" server="Z:/" local="130144894961272126" remote="130144894960000000" Dst="2" />
<file name="volumeSliderProgress.png" server="Z:/" local="130144894961382132" remote="130144894960000000" Dst="2" />
<file name="volumeSliderRail.png" server="Z:/" local="130144894961482138" remote="130144894960000000" Dst="2" />
</dwsync>